#-- Client Guid / Firstname / Lastname / Email --#
11111111-1111-1111-1111-111111111111,Aseem,Rollins,AseemRollins@email.com
22222222-2222-2222-2222-222222222222,John,Carter,JohnCarter@email.com
33333333-3333-3333-3333-333333333333,Nanette,Kemp,NanetteKemp@emial.com
75441f6b-d7f8-461c-9343-895dc79792b0,Joyce,Gavaghan,jgavaghan0@hatena.ne.jp
af99d290-4229-4838-9e55-f046fd2435d1,Cal,Ojeda,cojeda1@tripadvisor.com
92b6c56e-79c1-4378-acfc-f6c319c33285,Avigdor,Sowrey,asowrey2@wiley.com
88695f7f-79e4-4dbc-b27b-bcb0c83448b9,Odetta,Burton,oburton3@yahoo.com
c9f76959-adea-471d-b560-f42804dc9c40,Genna,Pieterick,gpieterick4@netlog.com
94f50dd9-f174-48b5-b193-d81dff1ffda5,Doreen,Berrey,dberrey5@fema.gov
eab9b0c1-2463-482f-8b83-44a4d848daf4,Munmro,Hattrick,mhattrick6@blinklist.com
69e7ab58-b988-4579-9788-fdba76628238,Weidar,Learoid,wlearoid7@walmart.com
0440eb3e-fa4a-48b6-a7bf-95c61c4485b3,Allistir,Duiged,aduiged8@tinypic.com
2a92d727-bbe6-4c2c-95f9-f3f21fa327da,Mable,D'Onise,mdonise9@people.com.cn
d68aaeba-8a07-4708-8483-c623cd03167a,Ricki,Linny,rlinnya@youtube.com
f6274ec1-4ac0-4354-b845-1e2828b92ac3,Veda,Goodwin,vgoodwinb@g.co
b737af97-7a41-459c-9220-7b61841f54f4,Lucais,Jamison,ljamisonc@amazon.com
299b990c-62fa-4766-86ae-9c9b50a27aba,Teresa,Benthall,tbenthalld@newsvine.com
3bc4e807-4c47-42c5-b8f9-e57fbc50626f,Ax,Wilcot,awilcote@eventbrite.com
94d20d6f-1386-467f-a334-5ba4d0697f7b,Celisse,Sheach,csheachf@disqus.com
654828d1-4bac-4abc-a615-6af24f45e5ea,Rutherford,Barthelme,rbarthelmeg@washingtonpost.com
68ddc59d-2eeb-4a4e-b037-78f4e69be389,Allan,Wasbey,awasbeyh@nps.gov
68f08e15-7ab2-4c51-88e4-a21b0469c93d,Elisa,Pauleau,epauleaui@ox.ac.uk
5348ec28-42c9-412c-afe3-a2ce52266564,Elvira,Dick,edickj@gov.uk
e44aa4a9-9731-4688-aa24-e60f3233e390,Nani,Surmeyer,nsurmeyerk@blogs.com
03fd066c-a6b9-404c-be4d-cd6f648bfa45,Domenic,Bolderson,dboldersonl@buzzfeed.com
d6ba3115-3b21-4fed-ad5c-87687f579150,Guss,Feake,gfeakem@addthis.com
1244e2a8-d00c-4718-9968-966fce430f8d,Tirrell,Coaten,tcoatenn@seattletimes.com
30893b76-e1d3-4614-bfef-87c46d54ab8f,Woodman,Coogan,wcoogano@reuters.com
17eaac28-3a69-49e8-ae8d-5f848ecd18fe,Keefer,Hegel,khegelp@mashable.com
01d745b0-1ccf-4ac4-a9e8-42a6535dc173,Nobe,Gillbey,ngillbeyq@salon.com
e5944428-ae04-4941-8128-a258118793c7,Pancho,Jorg,pjorgr@ftc.gov
e115f9e6-acfe-49d0-9b1c-5c144ef556d7,Brad,McDermid,bmcdermids@edublogs.org
6a482abf-48ff-4f9e-bfcb-05ea7aa3e07a,Scarface,Begin,sbegint@vistaprint.com
7df819df-9c81-4c34-a7b1-9cc8a662cf46,Bud,Bessent,bbessentu@disqus.com
0d98e201-a462-4c3a-b353-70a513b2e7b7,Camellia,Labba,clabbav@photobucket.com
b809c628-c765-47fa-ab03-94eb0a5b7def,Duffie,Pottinger,dpottingerw@godaddy.com
69c0dd46-742d-41b6-8a61-fac9e0fcc10b,Anastasie,Parker,aparkerx@163.com
d9a76fac-7fa6-425d-8a82-fab1acbddd5d,Talyah,Welsh,twelshy@prweb.com
61d47321-dbcb-47de-95d8-d09e030b7d82,Roxie,Walentynowicz,rwalentynowiczz@eepurl.com
ebc3720a-67fe-431f-b2a1-dc4937d50a9f,Ode,Praundl,opraundl10@blogspot.com
45be32c5-ca8f-443f-8d46-b0b0cc87aab7,Hakeem,Bentley,hbentley11@independent.co.uk
d94624be-5a34-4c64-945d-1327bdd1738f,Melinde,Carslake,mcarslake12@foxnews.com
a011d008-5437-4d39-a81a-2c1a8e69244b,Frank,Vasyatkin,fvasyatkin13@prnewswire.com
269635bd-0250-41d9-92e9-65e7f5ea9151,Nikolas,Rosenbloom,nrosenbloom14@un.org
d1b8d2c3-175d-4809-8636-a7abcf71b57e,Joya,Harcus,jharcus15@blog.com
24860514-1d85-47d6-8020-e8c5f6d62f5a,Corliss,Spykings,cspykings16@bloglines.com
71a31896-99aa-4af9-94c9-4a3341257173,Marchelle,Carolan,mcarolan17@ca.gov
2797b71e-ac6c-41ec-a9e7-a8b59825f46b,Clywd,Cattenach,ccattenach18@bbc.co.uk
62da9376-0f09-4d51-b922-17bd762ec840,Henrietta,Chapell,hchapell19@apache.org
91bb473f-183b-4997-b582-6765caf858b6,Barron,Crosscombe,bcrosscombe1a@ucla.edu
0a9dca8e-d0e2-4e94-a0fc-7d06fbbbbd17,Dylan,D'Alesio,ddalesio1b@eventbrite.com
50026dfc-e4a0-45b7-91d2-ad6aef4c883c,Ninon,Loddy,nloddy1c@flavors.me
4197029a-cfa6-40ad-922d-d565ca02a4e7,Darrell,Catherick,dcatherick1d@va.gov